"   ","ROLE_ID","MENU_ID"
"1","dae901624b1f4c4c8d805657759228e9","8"
"2","dae901624b1f4c4c8d805657759228e9","9"
"3","4","6"
"4","4","60"
"5","4","61"
"6","4","62"
"7","4","63"
"8","4","64"
"9","4","65"
"10","4","66"
"11","4","67"
"12","4","68"
"13","4","69"
"14","4","7"
"15","4","70"
"16","4","8"
"17","4","9"
"18","41c9510047ec4a61ba247c11604da888","1"
"19","41c9510047ec4a61ba247c11604da888","10"
"20","41c9510047ec4a61ba247c11604da888","11"
"21","41c9510047ec4a61ba247c11604da888","12"
"22","41c9510047ec4a61ba247c11604da888","13"
"23","41c9510047ec4a61ba247c11604da888","14"
"24","41c9510047ec4a61ba247c11604da888","15"
"25","41c9510047ec4a61ba247c11604da888","16"
"26","41c9510047ec4a61ba247c11604da888","17"
"27","41c9510047ec4a61ba247c11604da888","18"
"28","41c9510047ec4a61ba247c11604da888","19"
"29","41c9510047ec4a61ba247c11604da888","2"
"30","41c9510047ec4a61ba247c11604da888","20"
"31","41c9510047ec4a61ba247c11604da888","21"
"32","41c9510047ec4a61ba247c11604da888","22"
"33","41c9510047ec4a61ba247c11604da888","23"
"34","41c9510047ec4a61ba247c11604da888","24"
"35","41c9510047ec4a61ba247c11604da888","25"
"36","41c9510047ec4a61ba247c11604da888","26"
"37","41c9510047ec4a61ba247c11604da888","27"
"38","41c9510047ec4a61ba247c11604da888","28"
"39","41c9510047ec4a61ba247c11604da888","29"
"40","41c9510047ec4a61ba247c11604da888","3"
"41","41c9510047ec4a61ba247c11604da888","30"
"42","41c9510047ec4a61ba247c11604da888","31"
"43","41c9510047ec4a61ba247c11604da888","32"
"44","41c9510047ec4a61ba247c11604da888","33"
"45","41c9510047ec4a61ba247c11604da888","34"
"46","41c9510047ec4a61ba247c11604da888","35"
"47","41c9510047ec4a61ba247c11604da888","36"
"48","41c9510047ec4a61ba247c11604da888","37"
"49","41c9510047ec4a61ba247c11604da888","38"
"50","41c9510047ec4a61ba247c11604da888","39"
"51","41c9510047ec4a61ba247c11604da888","4"
"52","41c9510047ec4a61ba247c11604da888","40"
"53","41c9510047ec4a61ba247c11604da888","41"
"54","41c9510047ec4a61ba247c11604da888","42"
"55","41c9510047ec4a61ba247c11604da888","43"
"56","41c9510047ec4a61ba247c11604da888","44"
"57","41c9510047ec4a61ba247c11604da888","45"
"58","41c9510047ec4a61ba247c11604da888","46"
"59","41c9510047ec4a61ba247c11604da888","47"
"60","41c9510047ec4a61ba247c11604da888","48"
"61","41c9510047ec4a61ba247c11604da888","49"
"62","41c9510047ec4a61ba247c11604da888","5"
"63","41c9510047ec4a61ba247c11604da888","50"
"64","41c9510047ec4a61ba247c11604da888","51"
"65","41c9510047ec4a61ba247c11604da888","52"
"66","41c9510047ec4a61ba247c11604da888","53"
"67","41c9510047ec4a61ba247c11604da888","54"
"68","41c9510047ec4a61ba247c11604da888","55"
"69","41c9510047ec4a61ba247c11604da888","56"
"70","41c9510047ec4a61ba247c11604da888","57"
"71","41c9510047ec4a61ba247c11604da888","58"
"72","41c9510047ec4a61ba247c11604da888","59"
"73","41c9510047ec4a61ba247c11604da888","6"
"74","41c9510047ec4a61ba247c11604da888","60"
"75","41c9510047ec4a61ba247c11604da888","61"
"76","41c9510047ec4a61ba247c11604da888","62"
"77","41c9510047ec4a61ba247c11604da888","63"
"78","41c9510047ec4a61ba247c11604da888","64"
"79","41c9510047ec4a61ba247c11604da888","65"
"80","41c9510047ec4a61ba247c11604da888","66"
"81","41c9510047ec4a61ba247c11604da888","67"
"82","41c9510047ec4a61ba247c11604da888","68"
"83","41c9510047ec4a61ba247c11604da888","69"
"84","41c9510047ec4a61ba247c11604da888","7"
"85","41c9510047ec4a61ba247c11604da888","70"
"86","41c9510047ec4a61ba247c11604da888","71"
"87","41c9510047ec4a61ba247c11604da888","72"
"88","41c9510047ec4a61ba247c11604da888","8"
"89","41c9510047ec4a61ba247c11604da888","9"
"90","5","1"
"91","5","10"
"92","5","11"
"93","5","12"
"94","5","13"
"95","5","14"
"96","5","15"
"97","5","16"
"98","5","17"
"99","5","18"
"100","5","19"
"101","5","2"
"102","5","20"
"103","5","21"
"104","5","22"
"105","5","23"
"106","5","24"
"107","5","25"
"108","5","26"
"109","5","27"
"110","5","28"
"111","5","29"
"112","5","3"
"113","5","30"
"114","5","31"
"115","5","32"
"116","5","33"
"117","5","34"
"118","5","35"
"119","5","36"
"120","5","37"
"121","5","38"
"122","5","39"
"123","5","4"
"124","5","40"
"125","5","41"
"126","5","42"
"127","5","43"
"128","5","44"
"129","5","45"
"130","5","46"
"131","5","47"
"132","5","48"
"133","5","49"
"134","1","29"
"135","1","3"
"136","1","30"
"137","1","31"
"138","1","32"
"139","1","33"
"140","1","34"
"141","1","35"
"142","1","36"
"143","1","37"
"144","1","38"
"145","1","38115b94344043a8ae549e8f081a73e7"
"146","1","39"
"147","1","4"
"148","1","40"
"149","1","41"
"150","1","42"
"151","1","43"
"152","1","44"
"153","1","44264f9c6a3b4abdb449ee0ea20a4b3b"
"154","1","45"
"155","1","46"
"156","1","47"
"157","1","48"
"158","1","49"
"159","1","4aba434beb084d29b53723456bd7e030"
"160","1","4ba9c1c9168d482d8351b07ad7d19c9e"
"161","1","5"
"162","1","50"
"163","1","51"
"164","1","52"
"165","1","53"
"166","1","54"
"167","1","55"
"168","1","56"
"169","1","57"
"170","1","58"
"171","1","59"
"172","1","5da0275651274089aceb315ab469fe98"
"173","1","6"
"174","1","60"
"175","1","61"
"176","1","67"
"177","1","68"
"178","1","69"
"179","1","6ae15d64129647a896f45e780b08f639"
"180","1","6e341ee2feff40d58351c8656d230234"
"181","1","7"
"182","1","70"
"183","1","8"
"184","1","9"
"185","1","90daa86912e749eca0cda78c54daccf4"
"186","1","93babeb480d04bd0a4a970fabbe0e7cc"
"187","1","a372325bf1414041ad5d335b1ccd82c7"
"188","1","ae9c7168827a478c9bb27dac70dd403c"
"189","1","b30683252f014bdbbd6e7e74ae314a95"
"190","1","b38c22beed884423a6e605e0895b7f5f"
"191","1","c620e4c6f9e64c58b210e4ceb414f4a7"
"192","1","c9754a4ea95148a8aca0a67653ed17a2"
"193","1","d1a3e209647d4a0ca8d5a5f349220747"
"194","1","f2ff715ed5e54d8295ef5f11ceb85d4c"
"195","2","1"
"196","2","10"
"197","2","11"
"198","2","12"
"199","2","13"
"200","2","14"
"201","2","15"
"202","2","16"
"203","2","17"
"204","2","18"
"205","2","19"
"206","2","2"
"207","2","20"
"208","2","21"
"209","2","22"
"210","2","23"
"211","2","24"
"212","2","25"
"213","2","26"
"214","2","27"
"215","2","28"
"216","2","29"
"217","2","3"
"218","2","30"
"219","2","31"
"220","2","32"
"221","2","33"
"222","2","34"
"223","2","35"
"224","2","36"
"225","2","37"
"226","2","38"
"227","2","39"
"228","2","4"
"229","2","40"
"230","2","41"
"231","2","42"
"232","2","43"
"233","2","44"
"234","2","45"
"235","2","46"
"236","2","47"
"237","2","48"
"238","2","49"
"239","2","5"
"240","2","50"
"241","2","51"
"242","2","52"
"243","2","53"
"244","2","54"
"245","2","55"
"246","2","56"
"247","2","57"
"248","2","58"
"249","2","59"
"250","2","6"
"251","2","60"
"252","2","61"
"253","2","62"
"254","2","63"
"255","2","64"
"256","2","65"
"257","2","66"
"258","2","67"
"259","2","68"
"260","2","69"
"261","2","7"
"262","2","70"
"263","2","8"
"264","2","9"
"265","3","1"
"266","3","10"
"267","3","11"
"268","3","12"
"269","3","13"
"270","3","14"
"271","3","15"
"272","3","16"
"273","3","17"
"274","3","18"
"275","3","19"
"276","3","2"
"277","3","20"
"278","3","21"
"279","3","22"
"280","3","23"
"281","3","24"
"282","3","25"
"283","3","26"
"284","3","27"
"285","3","28"
"286","3","29"
"287","3","3"
"288","3","30"
"289","3","31"
"290","3","32"
"291","3","33"
"292","3","34"
"293","3","35"
"294","3","36"
"295","3","37"
"296","3","38"
"297","3","39"
"298","3","4"
"299","3","40"
"300","3","41"
"301","3","42"
"302","3","43"
"303","3","44"
"304","3","45"
"305","3","46"
"306","3","47"
"307","3","48"
"308","3","49"
"309","3","5"
"310","3","50"
"311","3","51"
"312","3","52"
"313","3","53"
"314","3","54"
"315","3","55"
"316","3","56"
"317","3","57"
"318","3","58"
"319","3","59"
"320","3","6"
"321","3","60"
"322","3","61"
"323","3","62"
"324","3","63"
"325","3","64"
"326","3","65"
"327","3","66"
"328","3","67"
"329","3","68"
"330","3","69"
"331","3","7"
"332","3","70"
"333","3","8"
"334","3","9"
"335","4","1"
"336","4","10"
"337","4","11"
"338","4","12"
"339","4","13"
"340","4","14"
"341","4","15"
"342","4","16"
"343","4","17"
"344","4","18"
"345","4","19"
"346","4","2"
"347","4","20"
"348","4","21"
"349","4","22"
"350","4","23"
"351","4","24"
"352","4","25"
"353","4","26"
"354","4","27"
"355","4","28"
"356","4","29"
"357","4","3"
"358","4","30"
"359","4","31"
"360","4","32"
"361","4","33"
"362","4","34"
"363","4","35"
"364","4","36"
"365","4","37"
"366","4","38"
"367","4","39"
"368","4","4"
"369","4","40"
"370","4","41"
"371","4","42"
"372","4","43"
"373","4","44"
"374","4","45"
"375","4","46"
"376","4","47"
"377","4","48"
"378","4","49"
"379","4","5"
"380","4","50"
"381","4","51"
"382","4","52"
"383","4","53"
"384","4","54"
"385","4","55"
"386","4","56"
"387","4","57"
"388","4","58"
"389","4","59"
"390","014e4c5f04a34f96ba323be4d58db5ba","1"
"391","014e4c5f04a34f96ba323be4d58db5ba","10"
"392","014e4c5f04a34f96ba323be4d58db5ba","11"
"393","014e4c5f04a34f96ba323be4d58db5ba","12"
"394","014e4c5f04a34f96ba323be4d58db5ba","13"
"395","014e4c5f04a34f96ba323be4d58db5ba","14"
"396","014e4c5f04a34f96ba323be4d58db5ba","15"
"397","014e4c5f04a34f96ba323be4d58db5ba","16"
"398","014e4c5f04a34f96ba323be4d58db5ba","17"
"399","014e4c5f04a34f96ba323be4d58db5ba","18"
"400","014e4c5f04a34f96ba323be4d58db5ba","19"
"401","014e4c5f04a34f96ba323be4d58db5ba","2"
"402","014e4c5f04a34f96ba323be4d58db5ba","20"
"403","014e4c5f04a34f96ba323be4d58db5ba","21"
"404","014e4c5f04a34f96ba323be4d58db5ba","22"
"405","014e4c5f04a34f96ba323be4d58db5ba","23"
"406","014e4c5f04a34f96ba323be4d58db5ba","24"
"407","014e4c5f04a34f96ba323be4d58db5ba","25"
"408","014e4c5f04a34f96ba323be4d58db5ba","26"
"409","014e4c5f04a34f96ba323be4d58db5ba","27"
"410","014e4c5f04a34f96ba323be4d58db5ba","28"
"411","014e4c5f04a34f96ba323be4d58db5ba","29"
"412","014e4c5f04a34f96ba323be4d58db5ba","3"
"413","014e4c5f04a34f96ba323be4d58db5ba","30"
"414","014e4c5f04a34f96ba323be4d58db5ba","31"
"415","014e4c5f04a34f96ba323be4d58db5ba","32"
"416","014e4c5f04a34f96ba323be4d58db5ba","33"
"417","014e4c5f04a34f96ba323be4d58db5ba","34"
"418","014e4c5f04a34f96ba323be4d58db5ba","35"
"419","014e4c5f04a34f96ba323be4d58db5ba","36"
"420","014e4c5f04a34f96ba323be4d58db5ba","37"
"421","014e4c5f04a34f96ba323be4d58db5ba","38"
"422","014e4c5f04a34f96ba323be4d58db5ba","39"
"423","014e4c5f04a34f96ba323be4d58db5ba","4"
"424","014e4c5f04a34f96ba323be4d58db5ba","40"
"425","014e4c5f04a34f96ba323be4d58db5ba","41"
"426","014e4c5f04a34f96ba323be4d58db5ba","42"
"427","014e4c5f04a34f96ba323be4d58db5ba","43"
"428","014e4c5f04a34f96ba323be4d58db5ba","44"
"429","014e4c5f04a34f96ba323be4d58db5ba","45"
"430","014e4c5f04a34f96ba323be4d58db5ba","46"
"431","014e4c5f04a34f96ba323be4d58db5ba","47"
"432","014e4c5f04a34f96ba323be4d58db5ba","48"
"433","014e4c5f04a34f96ba323be4d58db5ba","49"
"434","014e4c5f04a34f96ba323be4d58db5ba","5"
"435","014e4c5f04a34f96ba323be4d58db5ba","50"
"436","014e4c5f04a34f96ba323be4d58db5ba","51"
"437","014e4c5f04a34f96ba323be4d58db5ba","52"
"438","014e4c5f04a34f96ba323be4d58db5ba","53"
"439","014e4c5f04a34f96ba323be4d58db5ba","54"
"440","014e4c5f04a34f96ba323be4d58db5ba","55"
"441","014e4c5f04a34f96ba323be4d58db5ba","56"
"442","014e4c5f04a34f96ba323be4d58db5ba","57"
"443","014e4c5f04a34f96ba323be4d58db5ba","58"
"444","014e4c5f04a34f96ba323be4d58db5ba","59"
"445","014e4c5f04a34f96ba323be4d58db5ba","6"
"446","014e4c5f04a34f96ba323be4d58db5ba","60"
"447","014e4c5f04a34f96ba323be4d58db5ba","61"
"448","014e4c5f04a34f96ba323be4d58db5ba","62"
"449","014e4c5f04a34f96ba323be4d58db5ba","63"
"450","014e4c5f04a34f96ba323be4d58db5ba","64"
"451","014e4c5f04a34f96ba323be4d58db5ba","65"
"452","014e4c5f04a34f96ba323be4d58db5ba","66"
"453","014e4c5f04a34f96ba323be4d58db5ba","67"
"454","014e4c5f04a34f96ba323be4d58db5ba","68"
"455","014e4c5f04a34f96ba323be4d58db5ba","69"
"456","014e4c5f04a34f96ba323be4d58db5ba","7"
"457","014e4c5f04a34f96ba323be4d58db5ba","70"
"458","014e4c5f04a34f96ba323be4d58db5ba","71"
"459","014e4c5f04a34f96ba323be4d58db5ba","72"
"460","014e4c5f04a34f96ba323be4d58db5ba","8"
"461","014e4c5f04a34f96ba323be4d58db5ba","9"
"462","0dc7f76d4fe2487cacd6e1493f8a25c5","1"
"463","0dc7f76d4fe2487cacd6e1493f8a25c5","10"
"464","0dc7f76d4fe2487cacd6e1493f8a25c5","11"
"465","0dc7f76d4fe2487cacd6e1493f8a25c5","12"
"466","0dc7f76d4fe2487cacd6e1493f8a25c5","13"
"467","0dc7f76d4fe2487cacd6e1493f8a25c5","14"
"468","0dc7f76d4fe2487cacd6e1493f8a25c5","15"
"469","0dc7f76d4fe2487cacd6e1493f8a25c5","16"
"470","0dc7f76d4fe2487cacd6e1493f8a25c5","17"
"471","0dc7f76d4fe2487cacd6e1493f8a25c5","18"
"472","0dc7f76d4fe2487cacd6e1493f8a25c5","19"
"473","0dc7f76d4fe2487cacd6e1493f8a25c5","2"
"474","0dc7f76d4fe2487cacd6e1493f8a25c5","20"
"475","0dc7f76d4fe2487cacd6e1493f8a25c5","21"
"476","0dc7f76d4fe2487cacd6e1493f8a25c5","22"
"477","0dc7f76d4fe2487cacd6e1493f8a25c5","23"
"478","0dc7f76d4fe2487cacd6e1493f8a25c5","24"
"479","0dc7f76d4fe2487cacd6e1493f8a25c5","25"
"480","0dc7f76d4fe2487cacd6e1493f8a25c5","26"
"481","0dc7f76d4fe2487cacd6e1493f8a25c5","27"
"482","0dc7f76d4fe2487cacd6e1493f8a25c5","28"
"483","0dc7f76d4fe2487cacd6e1493f8a25c5","29"
"484","0dc7f76d4fe2487cacd6e1493f8a25c5","3"
"485","0dc7f76d4fe2487cacd6e1493f8a25c5","30"
"486","0dc7f76d4fe2487cacd6e1493f8a25c5","31"
"487","0dc7f76d4fe2487cacd6e1493f8a25c5","32"
"488","0dc7f76d4fe2487cacd6e1493f8a25c5","33"
"489","0dc7f76d4fe2487cacd6e1493f8a25c5","34"
"490","0dc7f76d4fe2487cacd6e1493f8a25c5","35"
"491","0dc7f76d4fe2487cacd6e1493f8a25c5","36"
"492","0dc7f76d4fe2487cacd6e1493f8a25c5","37"
"493","0dc7f76d4fe2487cacd6e1493f8a25c5","38"
"494","0dc7f76d4fe2487cacd6e1493f8a25c5","39"
"495","0dc7f76d4fe2487cacd6e1493f8a25c5","4"
"496","0dc7f76d4fe2487cacd6e1493f8a25c5","40"
"497","0dc7f76d4fe2487cacd6e1493f8a25c5","41"
"498","0dc7f76d4fe2487cacd6e1493f8a25c5","42"
"499","0dc7f76d4fe2487cacd6e1493f8a25c5","43"
"500","0dc7f76d4fe2487cacd6e1493f8a25c5","44"
"501","0dc7f76d4fe2487cacd6e1493f8a25c5","45"
"502","0dc7f76d4fe2487cacd6e1493f8a25c5","46"
"503","0dc7f76d4fe2487cacd6e1493f8a25c5","47"
"504","0dc7f76d4fe2487cacd6e1493f8a25c5","48"
"505","0dc7f76d4fe2487cacd6e1493f8a25c5","49"
"506","0dc7f76d4fe2487cacd6e1493f8a25c5","5"
"507","0dc7f76d4fe2487cacd6e1493f8a25c5","50"
"508","0dc7f76d4fe2487cacd6e1493f8a25c5","51"
"509","0dc7f76d4fe2487cacd6e1493f8a25c5","52"
"510","0dc7f76d4fe2487cacd6e1493f8a25c5","53"
"511","0dc7f76d4fe2487cacd6e1493f8a25c5","54"
"512","0dc7f76d4fe2487cacd6e1493f8a25c5","55"
"513","0dc7f76d4fe2487cacd6e1493f8a25c5","56"
"514","0dc7f76d4fe2487cacd6e1493f8a25c5","57"
"515","0dc7f76d4fe2487cacd6e1493f8a25c5","58"
"516","0dc7f76d4fe2487cacd6e1493f8a25c5","59"
"517","0dc7f76d4fe2487cacd6e1493f8a25c5","6"
"518","0dc7f76d4fe2487cacd6e1493f8a25c5","60"
"519","0dc7f76d4fe2487cacd6e1493f8a25c5","61"
"520","0dc7f76d4fe2487cacd6e1493f8a25c5","62"
"521","0dc7f76d4fe2487cacd6e1493f8a25c5","63"
"522","0dc7f76d4fe2487cacd6e1493f8a25c5","64"
"523","0dc7f76d4fe2487cacd6e1493f8a25c5","65"
"524","0dc7f76d4fe2487cacd6e1493f8a25c5","66"
"525","0dc7f76d4fe2487cacd6e1493f8a25c5","67"
"526","0dc7f76d4fe2487cacd6e1493f8a25c5","68"
"527","0dc7f76d4fe2487cacd6e1493f8a25c5","69"
"528","0dc7f76d4fe2487cacd6e1493f8a25c5","7"
"529","0dc7f76d4fe2487cacd6e1493f8a25c5","70"
"530","0dc7f76d4fe2487cacd6e1493f8a25c5","71"
"531","0dc7f76d4fe2487cacd6e1493f8a25c5","72"
"532","0dc7f76d4fe2487cacd6e1493f8a25c5","8"
"533","0dc7f76d4fe2487cacd6e1493f8a25c5","9"
"534","1","1"
"535","1","10"
"536","1","11"
"537","1","12"
"538","1","13"
"539","1","14"
"540","1","15"
"541","1","16"
"542","1","17"
"543","1","18"
"544","1","19"
"545","1","1973e45d448f42a482d2057f4488c261"
"546","1","2"
"547","1","20"
"548","1","21"
"549","1","22"
"550","1","23"
"551","1","24"
"552","1","25"
"553","1","26"
"554","1","27"
"555","1","28"
"556","5","5"
"557","5","50"
"558","5","51"
"559","5","52"
"560","5","53"
"561","5","54"
"562","5","55"
"563","5","56"
"564","5","57"
"565","5","58"
"566","5","59"
"567","5","6"
"568","5","60"
"569","5","61"
"570","5","62"
"571","5","63"
"572","5","64"
"573","5","65"
"574","5","66"
"575","5","67"
"576","5","68"
"577","5","69"
"578","5","7"
"579","5","70"
"580","5","8"
"581","5","9"
"582","6","1"
"583","6","10"
"584","6","11"
"585","6","12"
"586","6","13"
"587","6","14"
"588","6","15"
"589","6","16"
"590","6","17"
"591","6","18"
"592","6","19"
"593","6","2"
"594","6","20"
"595","6","21"
"596","6","22"
"597","6","23"
"598","6","24"
"599","6","25"
"600","6","26"
"601","6","27"
"602","6","28"
"603","6","29"
"604","6","3"
"605","6","30"
"606","6","31"
"607","6","32"
"608","6","33"
"609","6","34"
"610","6","35"
"611","6","36"
"612","6","37"
"613","6","38"
"614","6","39"
"615","6","4"
"616","6","40"
"617","6","41"
"618","6","42"
"619","6","43"
"620","6","44"
"621","6","45"
"622","6","46"
"623","6","47"
"624","6","48"
"625","6","49"
"626","6","5"
"627","6","50"
"628","6","51"
"629","6","52"
"630","6","53"
"631","6","54"
"632","6","55"
"633","6","56"
"634","6","57"
"635","6","58"
"636","6","59"
"637","6","6"
"638","6","60"
"639","6","61"
"640","6","62"
"641","6","63"
"642","6","64"
"643","6","65"
"644","6","66"
"645","6","67"
"646","6","68"
"647","6","69"
"648","6","7"
"649","6","70"
"650","6","8"
"651","6","9"
"652","7","1"
"653","7","10"
"654","7","11"
"655","7","12"
"656","7","13"
"657","7","14"
"658","7","15"
"659","7","16"
"660","7","17"
"661","7","18"
"662","7","19"
"663","7","2"
"664","7","20"
"665","7","21"
"666","7","22"
"667","7","23"
"668","7","24"
"669","7","25"
"670","7","26"
"671","7","27"
"672","7","28"
"673","7","29"
"674","7","3"
"675","7","30"
"676","7","31"
"677","7","32"
"678","7","33"
"679","7","34"
"680","7","35"
"681","7","36"
"682","7","37"
"683","7","38"
"684","7","39"
"685","7","4"
"686","7","40"
"687","7","41"
"688","7","42"
"689","7","43"
"690","7","44"
"691","7","45"
"692","7","46"
"693","7","47"
"694","7","48"
"695","7","49"
"696","7","5"
"697","7","50"
"698","7","51"
"699","7","52"
"700","7","53"
"701","7","54"
"702","7","55"
"703","7","56"
"704","7","57"
"705","7","58"
"706","7","59"
"707","7","6"
"708","7","60"
"709","7","61"
"710","7","62"
"711","7","63"
"712","7","64"
"713","7","65"
"714","7","66"
"715","7","67"
"716","7","68"
"717","7","69"
"718","7","7"
"719","7","70"
"720","7","8"
"721","7","9"
"722","dae901624b1f4c4c8d805657759228e9","1"
"723","dae901624b1f4c4c8d805657759228e9","10"
"724","dae901624b1f4c4c8d805657759228e9","11"
"725","dae901624b1f4c4c8d805657759228e9","12"
"726","dae901624b1f4c4c8d805657759228e9","13"
"727","dae901624b1f4c4c8d805657759228e9","14"
"728","dae901624b1f4c4c8d805657759228e9","15"
"729","dae901624b1f4c4c8d805657759228e9","16"
"730","dae901624b1f4c4c8d805657759228e9","17"
"731","dae901624b1f4c4c8d805657759228e9","18"
"732","dae901624b1f4c4c8d805657759228e9","19"
"733","dae901624b1f4c4c8d805657759228e9","2"
"734","dae901624b1f4c4c8d805657759228e9","20"
"735","dae901624b1f4c4c8d805657759228e9","21"
"736","dae901624b1f4c4c8d805657759228e9","22"
"737","dae901624b1f4c4c8d805657759228e9","23"
"738","dae901624b1f4c4c8d805657759228e9","24"
"739","dae901624b1f4c4c8d805657759228e9","25"
"740","dae901624b1f4c4c8d805657759228e9","26"
"741","dae901624b1f4c4c8d805657759228e9","27"
"742","dae901624b1f4c4c8d805657759228e9","28"
"743","dae901624b1f4c4c8d805657759228e9","29"
"744","dae901624b1f4c4c8d805657759228e9","3"
"745","dae901624b1f4c4c8d805657759228e9","30"
"746","dae901624b1f4c4c8d805657759228e9","31"
"747","dae901624b1f4c4c8d805657759228e9","32"
"748","dae901624b1f4c4c8d805657759228e9","33"
"749","dae901624b1f4c4c8d805657759228e9","34"
"750","dae901624b1f4c4c8d805657759228e9","35"
"751","dae901624b1f4c4c8d805657759228e9","36"
"752","dae901624b1f4c4c8d805657759228e9","37"
"753","dae901624b1f4c4c8d805657759228e9","38"
"754","dae901624b1f4c4c8d805657759228e9","39"
"755","dae901624b1f4c4c8d805657759228e9","4"
"756","dae901624b1f4c4c8d805657759228e9","40"
"757","dae901624b1f4c4c8d805657759228e9","41"
"758","dae901624b1f4c4c8d805657759228e9","42"
"759","dae901624b1f4c4c8d805657759228e9","43"
"760","dae901624b1f4c4c8d805657759228e9","44"
"761","dae901624b1f4c4c8d805657759228e9","45"
"762","dae901624b1f4c4c8d805657759228e9","46"
"763","dae901624b1f4c4c8d805657759228e9","47"
"764","dae901624b1f4c4c8d805657759228e9","48"
"765","dae901624b1f4c4c8d805657759228e9","49"
"766","dae901624b1f4c4c8d805657759228e9","5"
"767","dae901624b1f4c4c8d805657759228e9","50"
"768","dae901624b1f4c4c8d805657759228e9","51"
"769","dae901624b1f4c4c8d805657759228e9","52"
"770","dae901624b1f4c4c8d805657759228e9","53"
"771","dae901624b1f4c4c8d805657759228e9","54"
"772","dae901624b1f4c4c8d805657759228e9","55"
"773","dae901624b1f4c4c8d805657759228e9","56"
"774","dae901624b1f4c4c8d805657759228e9","57"
"775","dae901624b1f4c4c8d805657759228e9","58"
"776","dae901624b1f4c4c8d805657759228e9","59"
"777","dae901624b1f4c4c8d805657759228e9","6"
"778","dae901624b1f4c4c8d805657759228e9","60"
"779","dae901624b1f4c4c8d805657759228e9","61"
"780","dae901624b1f4c4c8d805657759228e9","62"
"781","dae901624b1f4c4c8d805657759228e9","63"
"782","dae901624b1f4c4c8d805657759228e9","64"
"783","dae901624b1f4c4c8d805657759228e9","65"
"784","dae901624b1f4c4c8d805657759228e9","66"
"785","dae901624b1f4c4c8d805657759228e9","67"
"786","dae901624b1f4c4c8d805657759228e9","68"
"787","dae901624b1f4c4c8d805657759228e9","69"
"788","dae901624b1f4c4c8d805657759228e9","7"
"789","dae901624b1f4c4c8d805657759228e9","70"
"790","dae901624b1f4c4c8d805657759228e9","71"
"791","dae901624b1f4c4c8d805657759228e9","72"
