"   ","ROLE_ID","OFFICE_ID"
"1","014e4c5f04a34f96ba323be4d58db5ba","0425de71d74447afb6237ec0c5c571ae"
"2","014e4c5f04a34f96ba323be4d58db5ba","1"
"3","014e4c5f04a34f96ba323be4d58db5ba","10"
"4","014e4c5f04a34f96ba323be4d58db5ba","11"
"5","014e4c5f04a34f96ba323be4d58db5ba","12"
"6","014e4c5f04a34f96ba323be4d58db5ba","13"
"7","014e4c5f04a34f96ba323be4d58db5ba","14"
"8","014e4c5f04a34f96ba323be4d58db5ba","15"
"9","014e4c5f04a34f96ba323be4d58db5ba","16"
"10","014e4c5f04a34f96ba323be4d58db5ba","17"
"11","014e4c5f04a34f96ba323be4d58db5ba","18"
"12","014e4c5f04a34f96ba323be4d58db5ba","19"
"13","014e4c5f04a34f96ba323be4d58db5ba","2"
"14","014e4c5f04a34f96ba323be4d58db5ba","20"
"15","014e4c5f04a34f96ba323be4d58db5ba","21"
"16","014e4c5f04a34f96ba323be4d58db5ba","22"
"17","014e4c5f04a34f96ba323be4d58db5ba","23"
"18","014e4c5f04a34f96ba323be4d58db5ba","24"
"19","014e4c5f04a34f96ba323be4d58db5ba","25"
"20","014e4c5f04a34f96ba323be4d58db5ba","26"
"21","014e4c5f04a34f96ba323be4d58db5ba","3"
"22","014e4c5f04a34f96ba323be4d58db5ba","3a74a493b9cc4ed4aafb3349d09d7817"
"23","014e4c5f04a34f96ba323be4d58db5ba","4"
"24","014e4c5f04a34f96ba323be4d58db5ba","5"
"25","014e4c5f04a34f96ba323be4d58db5ba","53aa587f99b846bfb11b2e101dac0a3d"
"26","014e4c5f04a34f96ba323be4d58db5ba","5752c1fb81c2424d83f3b23b65fd6910"
"27","014e4c5f04a34f96ba323be4d58db5ba","5c4ac6e2b6e44d8d8edb74e91809c967"
"28","014e4c5f04a34f96ba323be4d58db5ba","6"
"29","014e4c5f04a34f96ba323be4d58db5ba","64ef139c9aca4dac8688202d87d120d3"
"30","014e4c5f04a34f96ba323be4d58db5ba","7"
"31","014e4c5f04a34f96ba323be4d58db5ba","8"
"32","014e4c5f04a34f96ba323be4d58db5ba","9"
"33","014e4c5f04a34f96ba323be4d58db5ba","9e816208f5de49a29a57b47c85d4a68a"
"34","014e4c5f04a34f96ba323be4d58db5ba","b4ef5d43fd794767a9d5008647d6b5ce"
"35","0dc7f76d4fe2487cacd6e1493f8a25c5","0425de71d74447afb6237ec0c5c571ae"
"36","0dc7f76d4fe2487cacd6e1493f8a25c5","1"
"37","0dc7f76d4fe2487cacd6e1493f8a25c5","10"
"38","0dc7f76d4fe2487cacd6e1493f8a25c5","11"
"39","0dc7f76d4fe2487cacd6e1493f8a25c5","12"
"40","0dc7f76d4fe2487cacd6e1493f8a25c5","13"
"41","0dc7f76d4fe2487cacd6e1493f8a25c5","14"
"42","0dc7f76d4fe2487cacd6e1493f8a25c5","15"
"43","0dc7f76d4fe2487cacd6e1493f8a25c5","16"
"44","0dc7f76d4fe2487cacd6e1493f8a25c5","17"
"45","0dc7f76d4fe2487cacd6e1493f8a25c5","18"
"46","0dc7f76d4fe2487cacd6e1493f8a25c5","19"
"47","0dc7f76d4fe2487cacd6e1493f8a25c5","2"
"48","0dc7f76d4fe2487cacd6e1493f8a25c5","20"
"49","0dc7f76d4fe2487cacd6e1493f8a25c5","21"
"50","0dc7f76d4fe2487cacd6e1493f8a25c5","22"
"51","0dc7f76d4fe2487cacd6e1493f8a25c5","23"
"52","0dc7f76d4fe2487cacd6e1493f8a25c5","24"
"53","0dc7f76d4fe2487cacd6e1493f8a25c5","25"
"54","0dc7f76d4fe2487cacd6e1493f8a25c5","26"
"55","0dc7f76d4fe2487cacd6e1493f8a25c5","3"
"56","0dc7f76d4fe2487cacd6e1493f8a25c5","3a74a493b9cc4ed4aafb3349d09d7817"
"57","0dc7f76d4fe2487cacd6e1493f8a25c5","4"
"58","0dc7f76d4fe2487cacd6e1493f8a25c5","5"
"59","0dc7f76d4fe2487cacd6e1493f8a25c5","53aa587f99b846bfb11b2e101dac0a3d"
"60","0dc7f76d4fe2487cacd6e1493f8a25c5","5752c1fb81c2424d83f3b23b65fd6910"
"61","0dc7f76d4fe2487cacd6e1493f8a25c5","5c4ac6e2b6e44d8d8edb74e91809c967"
"62","0dc7f76d4fe2487cacd6e1493f8a25c5","6"
"63","0dc7f76d4fe2487cacd6e1493f8a25c5","64ef139c9aca4dac8688202d87d120d3"
"64","0dc7f76d4fe2487cacd6e1493f8a25c5","7"
"65","0dc7f76d4fe2487cacd6e1493f8a25c5","8"
"66","0dc7f76d4fe2487cacd6e1493f8a25c5","9"
"67","0dc7f76d4fe2487cacd6e1493f8a25c5","9e816208f5de49a29a57b47c85d4a68a"
"68","0dc7f76d4fe2487cacd6e1493f8a25c5","b4ef5d43fd794767a9d5008647d6b5ce"
"69","41c9510047ec4a61ba247c11604da888","0425de71d74447afb6237ec0c5c571ae"
"70","41c9510047ec4a61ba247c11604da888","1"
"71","41c9510047ec4a61ba247c11604da888","10"
"72","41c9510047ec4a61ba247c11604da888","11"
"73","41c9510047ec4a61ba247c11604da888","12"
"74","41c9510047ec4a61ba247c11604da888","13"
"75","41c9510047ec4a61ba247c11604da888","14"
"76","41c9510047ec4a61ba247c11604da888","15"
"77","41c9510047ec4a61ba247c11604da888","16"
"78","41c9510047ec4a61ba247c11604da888","17"
"79","41c9510047ec4a61ba247c11604da888","18"
"80","41c9510047ec4a61ba247c11604da888","19"
"81","41c9510047ec4a61ba247c11604da888","2"
"82","41c9510047ec4a61ba247c11604da888","20"
"83","41c9510047ec4a61ba247c11604da888","21"
"84","41c9510047ec4a61ba247c11604da888","22"
"85","41c9510047ec4a61ba247c11604da888","23"
"86","41c9510047ec4a61ba247c11604da888","24"
"87","41c9510047ec4a61ba247c11604da888","25"
"88","41c9510047ec4a61ba247c11604da888","26"
"89","41c9510047ec4a61ba247c11604da888","3"
"90","41c9510047ec4a61ba247c11604da888","3a74a493b9cc4ed4aafb3349d09d7817"
"91","41c9510047ec4a61ba247c11604da888","4"
"92","41c9510047ec4a61ba247c11604da888","5"
"93","41c9510047ec4a61ba247c11604da888","53aa587f99b846bfb11b2e101dac0a3d"
"94","41c9510047ec4a61ba247c11604da888","5752c1fb81c2424d83f3b23b65fd6910"
"95","41c9510047ec4a61ba247c11604da888","5c4ac6e2b6e44d8d8edb74e91809c967"
"96","41c9510047ec4a61ba247c11604da888","6"
"97","41c9510047ec4a61ba247c11604da888","64ef139c9aca4dac8688202d87d120d3"
"98","41c9510047ec4a61ba247c11604da888","7"
"99","41c9510047ec4a61ba247c11604da888","8"
"100","41c9510047ec4a61ba247c11604da888","9"
"101","41c9510047ec4a61ba247c11604da888","9e816208f5de49a29a57b47c85d4a68a"
"102","41c9510047ec4a61ba247c11604da888","b4ef5d43fd794767a9d5008647d6b5ce"
"103","7","10"
"104","7","11"
"105","7","12"
"106","7","13"
"107","7","14"
"108","7","15"
"109","7","16"
"110","7","17"
"111","7","18"
"112","7","19"
"113","7","20"
"114","7","21"
"115","7","22"
"116","7","23"
"117","7","24"
"118","7","25"
"119","7","26"
"120","7","7"
"121","7","8"
"122","7","9"
"123","dae901624b1f4c4c8d805657759228e9","0425de71d74447afb6237ec0c5c571ae"
"124","dae901624b1f4c4c8d805657759228e9","1"
"125","dae901624b1f4c4c8d805657759228e9","10"
"126","dae901624b1f4c4c8d805657759228e9","11"
"127","dae901624b1f4c4c8d805657759228e9","12"
"128","dae901624b1f4c4c8d805657759228e9","13"
"129","dae901624b1f4c4c8d805657759228e9","14"
"130","dae901624b1f4c4c8d805657759228e9","15"
"131","dae901624b1f4c4c8d805657759228e9","16"
"132","dae901624b1f4c4c8d805657759228e9","17"
"133","dae901624b1f4c4c8d805657759228e9","18"
"134","dae901624b1f4c4c8d805657759228e9","19"
"135","dae901624b1f4c4c8d805657759228e9","2"
"136","dae901624b1f4c4c8d805657759228e9","20"
"137","dae901624b1f4c4c8d805657759228e9","21"
"138","dae901624b1f4c4c8d805657759228e9","22"
"139","dae901624b1f4c4c8d805657759228e9","23"
"140","dae901624b1f4c4c8d805657759228e9","24"
"141","dae901624b1f4c4c8d805657759228e9","25"
"142","dae901624b1f4c4c8d805657759228e9","26"
"143","dae901624b1f4c4c8d805657759228e9","3"
"144","dae901624b1f4c4c8d805657759228e9","3a74a493b9cc4ed4aafb3349d09d7817"
"145","dae901624b1f4c4c8d805657759228e9","4"
"146","dae901624b1f4c4c8d805657759228e9","5"
"147","dae901624b1f4c4c8d805657759228e9","53aa587f99b846bfb11b2e101dac0a3d"
"148","dae901624b1f4c4c8d805657759228e9","5752c1fb81c2424d83f3b23b65fd6910"
"149","dae901624b1f4c4c8d805657759228e9","5c4ac6e2b6e44d8d8edb74e91809c967"
"150","dae901624b1f4c4c8d805657759228e9","6"
"151","dae901624b1f4c4c8d805657759228e9","64ef139c9aca4dac8688202d87d120d3"
"152","dae901624b1f4c4c8d805657759228e9","7"
"153","dae901624b1f4c4c8d805657759228e9","8"
"154","dae901624b1f4c4c8d805657759228e9","9"
"155","dae901624b1f4c4c8d805657759228e9","9e816208f5de49a29a57b47c85d4a68a"
"156","dae901624b1f4c4c8d805657759228e9","b4ef5d43fd794767a9d5008647d6b5ce"
